,,QUARTER 1 (Weeks 1 – 13),,,,,,,,,,,,,QUARTER 2 (Weeks 14 – 26),,,,,,,,,,,,,QUARTER 3 (Weeks 27 – 35),,,,,,,,,(Weeks 36 – 40),,,,
,,Jan,,,,Feb,,,,Mar,,,,,Apr,,,,May,,,,Jun,,,,,Jul,,,,Aug,,,,,Sep,,,,Oct
Task Code,Task Name,W1,W2,W3,W4,W5,W6,W7,W8,W9,W10,W11,W12,W13,W14,W15,W16,W17,W18,W19,W20,W21,W22,W23,W24,W25,W26,W27,W28,W29,W30,W31,W32,W33,W34,W35,W36,W37,W38,W39,W40
1.0,Research & Planning,▲,▲,▲,▲,▲,▲,▲,▲,,,,,,,,,,,,,,,,,,,,,,,,,,,,,,,,
1.0.1,Research and Requirement Analysis,■,■,■,,,,,,,,,,,,,,,,,,,,,,,,,,,,,,,,,,,,,
1.0.2,Client Meeting / Approval,,,■,■,■,,,,,,,,,,,,,,,,,,,,,,,,,,,,,,,,,,,
1.0.3,UI/UX Design & Prototyping,,,,,■,■,■,■,,,,,,,,,,,,,,,,,,,,,,,,,,,,,,,,
1.1,Account Management,,,,,,,,▲,▲,▲,▲,▲,▲,,,,,,,,,,,,,,,,,,,,,,,,,,,
1.1.1,Sign Up,,,,,,,,■,■,,,,,,,,,,,,,,,,,,,,,,,,,,,,,,,
1.1.2,Sign In,,,,,,,,,■,■,,,,,,,,,,,,,,,,,,,,,,,,,,,,,,
1.1.3,Recover Account,,,,,,,,,,■,■,,,,,,,,,,,,,,,,,,,,,,,,,,,,,
1.1.4,Sign Out,,,,,,,,,,,■,,,,,,,,,,,,,,,,,,,,,,,,,,,,,
1.1.5,Profile Management,,,,,,,,,,,■,■,■,,,,,,,,,,,,,,,,,,,,,,,,,,,
1.2,Core Platform Setup,,,,,,,,,▲,▲,▲,▲,▲,,,,,,,,,,,,,,,,,,,,,,,,,,,
1.2.1,Application Layout and Navigation,,,,,,,,,■,■,■,,,,,,,,,,,,,,,,,,,,,,,,,,,,,
1.2.2,Design System and Styling,,,,,,,,,,,■,■,,,,,,,,,,,,,,,,,,,,,,,,,,,,
1.2.3,State and Data Utilities,,,,,,,,,,,■,■,■,,,,,,,,,,,,,,,,,,,,,,,,,,,
1.2.4,Authentication Guards and Middleware,,,,,,,,,,,,■,■,,,,,,,,,,,,,,,,,,,,,,,,,,,
1.3,Tenant Discovery Portal,,,,,,,,,,,,,,▲,▲,▲,▲,▲,,,,,,,,,,,,,,,,,,,,,,
1.3.1,Map-Based Search,,,,,,,,,,,,,,■,■,,,,,,,,,,,,,,,,,,,,,,,,,
1.3.2,Location Suggestions,,,,,,,,,,,,,,,■,■,,,,,,,,,,,,,,,,,,,,,,,,
1.3.3,Listing Filters and Cards,,,,,,,,,,,,,,,,■,■,,,,,,,,,,,,,,,,,,,,,,,
1.3.4,Property Details,,,,,,,,,,,,,,,,,■,■,,,,,,,,,,,,,,,,,,,,,,
1.3.5,Saved Listings,,,,,,,,,,,,,,,,,,■,,,,,,,,,,,,,,,,,,,,,,
1.4,Applications and Lease Management,,,,,,,,,,,,,,,,,,▲,▲,▲,▲,▲,▲,▲,,,,,,,,,,,,,,,,
1.4.1,Application Submission,,,,,,,,,,,,,,,,,,■,■,,,,,,,,,,,,,,,,,,,,,
1.4.2,Application Timeline,,,,,,,,,,,,,,,,,,,■,■,,,,,,,,,,,,,,,,,,,,
1.4.3,Application Review Workflow,,,,,,,,,,,,,,,,,,,,■,■,,,,,,,,,,,,,,,,,,,
1.4.4,Lease Generation,,,,,,,,,,,,,,,,,,,,,■,■,,,,,,,,,,,,,,,,,,
1.4.5,Digital Lease Signing,,,,,,,,,,,,,,,,,,,,,,■,■,,,,,,,,,,,,,,,,,
1.4.6,Renewal and Move-Out Tracking,,,,,,,,,,,,,,,,,,,,,,,■,■,,,,,,,,,,,,,,,,
1.5,Property and Unit Management,,,,,,,,,,,,,,,,,,,,,,▲,▲,▲,▲,▲,,,,,,,,,,,,,,
1.5.1,Property Registration,,,,,,,,,,,,,,,,,,,,,,■,■,,,,,,,,,,,,,,,,,
1.5.2,Property Verification Support,,,,,,,,,,,,,,,,,,,,,,,■,■,,,,,,,,,,,,,,,,
1.5.3,Modular Floor Planner,,,,,,,,,,,,,,,,,,,,,,,,■,■,,,,,,,,,,,,,,,
1.5.4,Grid Snapping and Layout Tools,,,,,,,,,,,,,,,,,,,,,,,,,■,■,,,,,,,,,,,,,,
1.5.5,Unit Listing Wizard,,,,,,,,,,,,,,,,,,,,,,,,,■,■,,,,,,,,,,,,,,
1.5.6,Unit Media Management,,,,,,,,,,,,,,,,,,,,,,,,,,■,,,,,,,,,,,,,,
1.5.7,Listing Status Management,,,,,,,,,,,,,,,,,,,,,,,,,,■,,,,,,,,,,,,,,
1.6,Financial Operations,,,,,,,,,,,,,,,,,,,,,,,,,,,▲,▲,▲,▲,▲,,,,,,,,,
1.6.1,Ledger and Invoice Tracking,,,,,,,,,,,,,,,,,,,,,,,,,,,■,■,,,,,,,,,,,,
1.6.2,Invoice Breakdown Engine,,,,,,,,,,,,,,,,,,,,,,,,,,,,■,■,,,,,,,,,,,
1.6.3,Receipt Upload and Verification,,,,,,,,,,,,,,,,,,,,,,,,,,,,,■,■,,,,,,,,,,
1.6.4,Payment History Views,,,,,,,,,,,,,,,,,,,,,,,,,,,,,,■,,,,,,,,,,
1.6.5,Report Exporting,,,,,,,,,,,,,,,,,,,,,,,,,,,,,,■,■,,,,,,,,,
1.6.6,Export History and Audit Logs,,,,,,,,,,,,,,,,,,,,,,,,,,,,,,,■,,,,,,,,,
1.6.7,Date Range Filters,,,,,,,,,,,,,,,,,,,,,,,,,,,,,,,■,,,,,,,,,
1.7,"Maintenance, Messaging, and AI",,,,,,,,,,,,,,,,,,,,,,,,,,,,,,,▲,▲,▲,▲,▲,,,,,
1.7.1,Maintenance Request Tracking,,,,,,,,,,,,,,,,,,,,,,,,,,,,,,,■,■,,,,,,,,
1.7.2,Maintenance Status Updates,,,,,,,,,,,,,,,,,,,,,,,,,,,,,,,,■,,,,,,,,
1.7.3,Real-Time Messaging,,,,,,,,,,,,,,,,,,,,,,,,,,,,,,,,■,■,,,,,,,
1.7.4,Presence and Read Indicators,,,,,,,,,,,,,,,,,,,,,,,,,,,,,,,,,■,,,,,,,
1.7.5,Media and File Sharing,,,,,,,,,,,,,,,,,,,,,,,,,,,,,,,,,■,,,,,,,
1.7.6,AI Assistant and RAG Context,,,,,,,,,,,,,,,,,,,,,,,,,,,,,,,,,■,■,,,,,,
1.7.7,Landlord Analytics,,,,,,,,,,,,,,,,,,,,,,,,,,,,,,,,,,■,■,,,,,
1.7.8,Message Moderation,,,,,,,,,,,,,,,,,,,,,,,,,,,,,,,,,,,■,,,,,
1.8,Admin Governance,,,,,,,,,,,,,,,,,,,,,,,,,,,,,,,,,,▲,▲,▲,,,,
1.8.1,System Monitoring Dashboard,,,,,,,,,,,,,,,,,,,,,,,,,,,,,,,,,,■,■,,,,,
1.8.2,Registration Review Dashboard,,,,,,,,,,,,,,,,,,,,,,,,,,,,,,,,,,,■,,,,,
1.8.3,Internal Administrative Notes,,,,,,,,,,,,,,,,,,,,,,,,,,,,,,,,,,,■,,,,,
1.8.4,User Management Tools,,,,,,,,,,,,,,,,,,,,,,,,,,,,,,,,,,,■,■,,,,
1.8.5,Secure Sign-Out,,,,,,,,,,,,,,,,,,,,,,,,,,,,,,,,,,,,■,,,,
1.9,Testing and Deployment,,,,,,,,,,,,,,,,,,,,,,,,,,,,,,,,,,,,▲,▲,▲,,
1.9.1,Unit and Integration Testing,,,,,,,,,,,,,,,,,,,,,,,,,,,,,,,,,,,,■,,,,
1.9.2,Security and Access Review,,,,,,,,,,,,,,,,,,,,,,,,,,,,,,,,,,,,,■,,,
1.9.3,Bug Fixing and Refinement,,,,,,,,,,,,,,,,,,,,,,,,,,,,,,,,,,,,,■,■,,
1.9.4,Documentation and Final Submission,,,,,,,,,,,,,,,,,,,,,,,,,,,,,,,,,,,,,,■,,
2.1,System Operations & Configuration,,,,,,,,,,,,,,,,,,,,,,,,,,,,,,,,,,,,,,▲,▲,
2.1.1,Offline Mode,,,,,,,,,,,,,,,,,,,,,,,,,,,,,,,,,,,,,,■,,
2.1.2,Turnkey Onboarding & Workspace Setup,,,,,,,,,,,,,,,,,,,,,,,,,,,,,,,,,,,,,,■,■,
2.1.3,Dynamic White-Label Branding,,,,,,,,,,,,,,,,,,,,,,,,,,,,,,,,,,,,,,,■,
2.1.4,Audit Logging,,,,,,,,,,,,,,,,,,,,,,,,,,,,,,,,,,,,,,,■,
2.2,Testing & Revisions,,,,,,,,,,,,,,,,,,,,,,,,,,,,,,,,,,,,,,,▲,▲
2.2.1,IT Expert Testing,,,,,,,,,,,,,,,,,,,,,,,,,,,,,,,,,,,,,,,■,
2.2.2,User Acceptance Testing (UAT),,,,,,,,,,,,,,,,,,,,,,,,,,,,,,,,,,,,,,,,■
2.2.3,System Refinement,,,,,,,,,,,,,,,,,,,,,,,,,,,,,,,,,,,,,,,,■
